Index,Exit Epoch,Balance at Exit (ETH),Effective Balance at Exit (ETH),Withdrawal Address
99532,289930,0.0000,0.0000,0xa1feaf41d843d53d0f6bed86a8cf592ce21c409e
99645,249786,0.0000,0.0000,0xa1feaf41d843d53d0f6bed86a8cf592ce21c409e
99643,249786,0.0000,0.0000,0xa1feaf41d843d53d0f6bed86a8cf592ce21c409e
99544,289929,0.0000,0.0000,0xa1feaf41d843d53d0f6bed86a8cf592ce21c409e
99540,289929,0.0000,0.0000,0xa1feaf41d843d53d0f6bed86a8cf592ce21c409e
99539,289929,0.0000,0.0000,0xa1feaf41d843d53d0f6bed86a8cf592ce21c409e
99652,225080,0.0000,0.0000,0xa1feaf41d843d53d0f6bed86a8cf592ce21c409e
99549,269072,0.0000,0.0000,0xa1feaf41d843d53d0f6bed86a8cf592ce21c409e
99518,291516,0.0000,0.0000,0xa1feaf41d843d53d0f6bed86a8cf592ce21c409e
99589,264608,0.0000,0.0000,0xa1feaf41d843d53d0f6bed86a8cf592ce21c409e
99644,249786,0.0000,0.0000,0xa1feaf41d843d53d0f6bed86a8cf592ce21c409e
99606,249789,0.0000,0.0000,0xa1feaf41d843d53d0f6bed86a8cf592ce21c409e
99538,289929,0.0000,0.0000,0xa1feaf41d843d53d0f6bed86a8cf592ce21c409e
99639,249787,0.0000,0.0000,0xa1feaf41d843d53d0f6bed86a8cf592ce21c409e
99522,291516,0.0000,0.0000,0xa1feaf41d843d53d0f6bed86a8cf592ce21c409e
99520,291516,0.0000,0.0000,0xa1feaf41d843d53d0f6bed86a8cf592ce21c409e
99594,264608,0.0000,0.0000,0xa1feaf41d843d53d0f6bed86a8cf592ce21c409e
99592,264608,0.0000,0.0000,0xa1feaf41d843d53d0f6bed86a8cf592ce21c409e
99636,249787,0.0000,0.0000,0xa1feaf41d843d53d0f6bed86a8cf592ce21c409e
99533,289930,0.0000,0.0000,0xa1feaf41d843d53d0f6bed86a8cf592ce21c409e
99529,289930,0.0000,0.0000,0xa1feaf41d843d53d0f6bed86a8cf592ce21c409e
99554,269072,0.0000,0.0000,0xa1feaf41d843d53d0f6bed86a8cf592ce21c409e
99552,269072,0.0000,0.0000,0xa1feaf41d843d53d0f6bed86a8cf592ce21c409e
99530,289930,0.0000,0.0000,0xa1feaf41d843d53d0f6bed86a8cf592ce21c409e
99601,249788,0.0000,0.0000,0xa1feaf41d843d53d0f6bed86a8cf592ce21c409e
99634,249787,0.0000,0.0000,0xa1feaf41d843d53d0f6bed86a8cf592ce21c409e
99627,249788,0.0000,0.0000,0xa1feaf41d843d53d0f6bed86a8cf592ce21c409e
99543,289929,0.0000,0.0000,0xa1feaf41d843d53d0f6bed86a8cf592ce21c409e
99524,291516,0.0000,0.0000,0xa1feaf41d843d53d0f6bed86a8cf592ce21c409e
99614,249788,0.0000,0.0000,0xa1feaf41d843d53d0f6bed86a8cf592ce21c409e
99597,264608,0.0000,0.0000,0xa1feaf41d843d53d0f6bed86a8cf592ce21c409e
99587,264608,0.0000,0.0000,0xa1feaf41d843d53d0f6bed86a8cf592ce21c409e
99651,225081,0.0000,0.0000,0xa1feaf41d843d53d0f6bed86a8cf592ce21c409e
99629,249787,0.0000,0.0000,0xa1feaf41d843d53d0f6bed86a8cf592ce21c409e
99555,269072,0.0000,0.0000,0xa1feaf41d843d53d0f6bed86a8cf592ce21c409e
99600,249789,0.0000,0.0000,0xa1feaf41d843d53d0f6bed86a8cf592ce21c409e
99607,249789,0.0000,0.0000,0xa1feaf41d843d53d0f6bed86a8cf592ce21c409e
99619,249786,0.0000,0.0000,0xa1feaf41d843d53d0f6bed86a8cf592ce21c409e
99630,249787,0.0000,0.0000,0xa1feaf41d843d53d0f6bed86a8cf592ce21c409e
99631,249788,0.0000,0.0000,0xa1feaf41d843d53d0f6bed86a8cf592ce21c409e
99632,249788,0.0000,0.0000,0xa1feaf41d843d53d0f6bed86a8cf592ce21c409e
99525,291516,0.0000,0.0000,0xa1feaf41d843d53d0f6bed86a8cf592ce21c409e
99655,225081,0.0000,0.0000,0xa1feaf41d843d53d0f6bed86a8cf592ce21c409e
99583,264609,0.0000,0.0000,0xa1feaf41d843d53d0f6bed86a8cf592ce21c409e
99654,225080,0.0000,0.0000,0xa1feaf41d843d53d0f6bed86a8cf592ce21c409e
99548,269071,0.0000,0.0000,0xa1feaf41d843d53d0f6bed86a8cf592ce21c409e
99586,264609,0.0000,0.0000,0xa1feaf41d843d53d0f6bed86a8cf592ce21c409e
99576,269071,0.0000,0.0000,0xa1feaf41d843d53d0f6bed86a8cf592ce21c409e
99650,225081,0.0000,0.0000,0xa1feaf41d843d53d0f6bed86a8cf592ce21c409e
99547,289929,0.0000,0.0000,0xa1feaf41d843d53d0f6bed86a8cf592ce21c409e
99535,289929,0.0000,0.0000,0xa1feaf41d843d53d0f6bed86a8cf592ce21c409e
99534,289929,0.0000,0.0000,0xa1feaf41d843d53d0f6bed86a8cf592ce21c409e
99637,249787,0.0000,0.0000,0xa1feaf41d843d53d0f6bed86a8cf592ce21c409e
99541,289929,0.0000,0.0000,0xa1feaf41d843d53d0f6bed86a8cf592ce21c409e
99528,289930,0.0000,0.0000,0xa1feaf41d843d53d0f6bed86a8cf592ce21c409e
99519,291516,0.0000,0.0000,0xa1feaf41d843d53d0f6bed86a8cf592ce21c409e
99613,249788,0.0000,0.0000,0xa1feaf41d843d53d0f6bed86a8cf592ce21c409e
99605,249789,0.0000,0.0000,0xa1feaf41d843d53d0f6bed86a8cf592ce21c409e
99653,225081,0.0000,0.0000,0xa1feaf41d843d53d0f6bed86a8cf592ce21c409e
99635,249787,0.0000,0.0000,0xa1feaf41d843d53d0f6bed86a8cf592ce21c409e
99626,249787,0.0000,0.0000,0xa1feaf41d843d53d0f6bed86a8cf592ce21c409e
99608,249789,0.0000,0.0000,0xa1feaf41d843d53d0f6bed86a8cf592ce21c409e
99648,249786,0.0000,0.0000,0xa1feaf41d843d53d0f6bed86a8cf592ce21c409e
99640,249786,0.0000,0.0000,0xa1feaf41d843d53d0f6bed86a8cf592ce21c409e
99641,249786,0.0000,0.0000,0xa1feaf41d843d53d0f6bed86a8cf592ce21c409e
99638,249787,0.0000,0.0000,0xa1feaf41d843d53d0f6bed86a8cf592ce21c409e
99584,264609,0.0000,0.0000,0xa1feaf41d843d53d0f6bed86a8cf592ce21c409e
99633,249787,0.0000,0.0000,0xa1feaf41d843d53d0f6bed86a8cf592ce21c409e
99628,249787,0.0000,0.0000,0xa1feaf41d843d53d0f6bed86a8cf592ce21c409e
99615,249788,0.0000,0.0000,0xa1feaf41d843d53d0f6bed86a8cf592ce21c409e
99537,289929,0.0000,0.0000,0xa1feaf41d843d53d0f6bed86a8cf592ce21c409e
99610,249789,0.0000,0.0000,0xa1feaf41d843d53d0f6bed86a8cf592ce21c409e
99595,264608,0.0000,0.0000,0xa1feaf41d843d53d0f6bed86a8cf592ce21c409e
99591,264608,0.0000,0.0000,0xa1feaf41d843d53d0f6bed86a8cf592ce21c409e
99588,264608,0.0000,0.0000,0xa1feaf41d843d53d0f6bed86a8cf592ce21c409e
99617,249789,0.0000,0.0000,0xa1feaf41d843d53d0f6bed86a8cf592ce21c409e
99623,249788,0.0000,0.0000,0xa1feaf41d843d53d0f6bed86a8cf592ce21c409e
99579,264609,0.0000,0.0000,0xa1feaf41d843d53d0f6bed86a8cf592ce21c409e
99527,289929,0.0000,0.0000,0xa1feaf41d843d53d0f6bed86a8cf592ce21c409e
99521,291516,0.0000,0.0000,0xa1feaf41d843d53d0f6bed86a8cf592ce21c409e
99596,264608,0.0000,0.0000,0xa1feaf41d843d53d0f6bed86a8cf592ce21c409e
99581,264609,0.0000,0.0000,0xa1feaf41d843d53d0f6bed86a8cf592ce21c409e
99577,264608,0.0000,0.0000,0xa1feaf41d843d53d0f6bed86a8cf592ce21c409e
99649,225080,0.0000,0.0000,0xa1feaf41d843d53d0f6bed86a8cf592ce21c409e
99647,249786,0.0000,0.0000,0xa1feaf41d843d53d0f6bed86a8cf592ce21c409e
99536,289929,0.0000,0.0000,0xa1feaf41d843d53d0f6bed86a8cf592ce21c409e
99609,249789,0.0000,0.0000,0xa1feaf41d843d53d0f6bed86a8cf592ce21c409e
99612,249789,0.0000,0.0000,0xa1feaf41d843d53d0f6bed86a8cf592ce21c409e
99582,264609,0.0000,0.0000,0xa1feaf41d843d53d0f6bed86a8cf592ce21c409e
99621,249787,0.0000,0.0000,0xa1feaf41d843d53d0f6bed86a8cf592ce21c409e
99620,249788,0.0000,0.0000,0xa1feaf41d843d53d0f6bed86a8cf592ce21c409e
99602,249788,0.0000,0.0000,0xa1feaf41d843d53d0f6bed86a8cf592ce21c409e
99578,264609,0.0000,0.0000,0xa1feaf41d843d53d0f6bed86a8cf592ce21c409e
99658,225081,0.0000,0.0000,0xa1feaf41d843d53d0f6bed86a8cf592ce21c409e
99642,249786,0.0000,0.0000,0xa1feaf41d843d53d0f6bed86a8cf592ce21c409e
99551,269072,0.0000,0.0000,0xa1feaf41d843d53d0f6bed86a8cf592ce21c409e
99545,289929,0.0000,0.0000,0xa1feaf41d843d53d0f6bed86a8cf592ce21c409e
99604,249789,0.0000,0.0000,0xa1feaf41d843d53d0f6bed86a8cf592ce21c409e
99598,264608,0.0000,0.0000,0xa1feaf41d843d53d0f6bed86a8cf592ce21c409e
99656,225081,0.0000,0.0000,0xa1feaf41d843d53d0f6bed86a8cf592ce21c409e
99542,289929,0.0000,0.0000,0xa1feaf41d843d53d0f6bed86a8cf592ce21c409e
99526,291516,0.0000,0.0000,0xa1feaf41d843d53d0f6bed86a8cf592ce21c409e
99603,249789,0.0000,0.0000,0xa1feaf41d843d53d0f6bed86a8cf592ce21c409e
99599,264608,0.0000,0.0000,0xa1feaf41d843d53d0f6bed86a8cf592ce21c409e
99646,249786,0.0000,0.0000,0xa1feaf41d843d53d0f6bed86a8cf592ce21c409e
99523,291516,0.0000,0.0000,0xa1feaf41d843d53d0f6bed86a8cf592ce21c409e
99517,291516,0.0000,0.0000,0xa1feaf41d843d53d0f6bed86a8cf592ce21c409e
99616,249788,0.0000,0.0000,0xa1feaf41d843d53d0f6bed86a8cf592ce21c409e
99622,249787,0.0000,0.0000,0xa1feaf41d843d53d0f6bed86a8cf592ce21c409e
99590,264608,0.0000,0.0000,0xa1feaf41d843d53d0f6bed86a8cf592ce21c409e
99585,264609,0.0000,0.0000,0xa1feaf41d843d53d0f6bed86a8cf592ce21c409e
99657,225081,0.0000,0.0000,0xa1feaf41d843d53d0f6bed86a8cf592ce21c409e
99553,269072,0.0000,0.0000,0xa1feaf41d843d53d0f6bed86a8cf592ce21c409e
99546,289929,0.0000,0.0000,0xa1feaf41d843d53d0f6bed86a8cf592ce21c409e
99611,249788,0.0000,0.0000,0xa1feaf41d843d53d0f6bed86a8cf592ce21c409e
99593,264608,0.0000,0.0000,0xa1feaf41d843d53d0f6bed86a8cf592ce21c409e
99618,249789,0.0000,0.0000,0xa1feaf41d843d53d0f6bed86a8cf592ce21c409e
99624,249788,0.0000,0.0000,0xa1feaf41d843d53d0f6bed86a8cf592ce21c409e
99575,269071,0.0000,0.0000,0xa1feaf41d843d53d0f6bed86a8cf592ce21c409e
99574,269071,0.0000,0.0000,0xa1feaf41d843d53d0f6bed86a8cf592ce21c409e
99566,269071,0.0000,0.0000,0xa1feaf41d843d53d0f6bed86a8cf592ce21c409e
99571,269071,0.0000,0.0000,0xa1feaf41d843d53d0f6bed86a8cf592ce21c409e
99564,269071,0.0000,0.0000,0xa1feaf41d843d53d0f6bed86a8cf592ce21c409e
99570,269071,0.0000,0.0000,0xa1feaf41d843d53d0f6bed86a8cf592ce21c409e
99568,269071,0.0000,0.0000,0xa1feaf41d843d53d0f6bed86a8cf592ce21c409e
99563,269071,0.0000,0.0000,0xa1feaf41d843d53d0f6bed86a8cf592ce21c409e
99567,269071,0.0000,0.0000,0xa1feaf41d843d53d0f6bed86a8cf592ce21c409e
99565,269071,0.0000,0.0000,0xa1feaf41d843d53d0f6bed86a8cf592ce21c409e
99572,269071,0.0000,0.0000,0xa1feaf41d843d53d0f6bed86a8cf592ce21c409e
99569,269071,0.0000,0.0000,0xa1feaf41d843d53d0f6bed86a8cf592ce21c409e
115084,221467,0.0000,0.0000,0xa1feaf41d843d53d0f6bed86a8cf592ce21c409e
115048,224594,0.0000,0.0000,0xa1feaf41d843d53d0f6bed86a8cf592ce21c409e
115059,222429,0.0000,0.0000,0xa1feaf41d843d53d0f6bed86a8cf592ce21c409e
115064,222429,0.0000,0.0000,0xa1feaf41d843d53d0f6bed86a8cf592ce21c409e
115074,222430,0.0000,0.0000,0xa1feaf41d843d53d0f6bed86a8cf592ce21c409e
115099,221467,0.0000,0.0000,0xa1feaf41d843d53d0f6bed86a8cf592ce21c409e
115101,221467,0.0000,0.0000,0xa1feaf41d843d53d0f6bed86a8cf592ce21c409e
115102,221466,0.0000,0.0000,0xa1feaf41d843d53d0f6bed86a8cf592ce21c409e
115038,225082,0.0000,0.0000,0xa1feaf41d843d53d0f6bed86a8cf592ce21c409e
115045,225081,0.0000,0.0000,0xa1feaf41d843d53d0f6bed86a8cf592ce21c409e
115076,222430,0.0000,0.0000,0xa1feaf41d843d53d0f6bed86a8cf592ce21c409e
115041,225082,0.0000,0.0000,0xa1feaf41d843d53d0f6bed86a8cf592ce21c409e
115054,224593,0.0000,0.0000,0xa1feaf41d843d53d0f6bed86a8cf592ce21c409e
115063,222429,0.0000,0.0000,0xa1feaf41d843d53d0f6bed86a8cf592ce21c409e
115070,222430,0.0000,0.0000,0xa1feaf41d843d53d0f6bed86a8cf592ce21c409e
115071,222430,0.0000,0.0000,0xa1feaf41d843d53d0f6bed86a8cf592ce21c409e
115080,222431,0.0000,0.0000,0xa1feaf41d843d53d0f6bed86a8cf592ce21c409e
115092,221467,0.0000,0.0000,0xa1feaf41d843d53d0f6bed86a8cf592ce21c409e
115028,225081,0.0000,0.0000,0xa1feaf41d843d53d0f6bed86a8cf592ce21c409e
115029,225080,0.0000,0.0000,0xa1feaf41d843d53d0f6bed86a8cf592ce21c409e
115051,224593,0.0000,0.0000,0xa1feaf41d843d53d0f6bed86a8cf592ce21c409e
115078,222430,0.0000,0.0000,0xa1feaf41d843d53d0f6bed86a8cf592ce21c409e
115088,221468,0.0000,0.0000,0xa1feaf41d843d53d0f6bed86a8cf592ce21c409e
115098,221467,0.0000,0.0000,0xa1feaf41d843d53d0f6bed86a8cf592ce21c409e
115030,225082,0.0000,0.0000,0xa1feaf41d843d53d0f6bed86a8cf592ce21c409e
115052,224593,0.0000,0.0000,0xa1feaf41d843d53d0f6bed86a8cf592ce21c409e
115073,222430,0.0000,0.0000,0xa1feaf41d843d53d0f6bed86a8cf592ce21c409e
115077,222430,0.0000,0.0000,0xa1feaf41d843d53d0f6bed86a8cf592ce21c409e
115090,221468,0.0000,0.0000,0xa1feaf41d843d53d0f6bed86a8cf592ce21c409e
115095,221466,0.0000,0.0000,0xa1feaf41d843d53d0f6bed86a8cf592ce21c409e
115106,221467,0.0000,0.0000,0xa1feaf41d843d53d0f6bed86a8cf592ce21c409e
115032,225081,0.0000,0.0000,0xa1feaf41d843d53d0f6bed86a8cf592ce21c409e
115061,222429,0.0000,0.0000,0xa1feaf41d843d53d0f6bed86a8cf592ce21c409e
115081,222431,0.0000,0.0000,0xa1feaf41d843d53d0f6bed86a8cf592ce21c409e
115097,221466,0.0000,0.0000,0xa1feaf41d843d53d0f6bed86a8cf592ce21c409e
115039,225082,0.0000,0.0000,0xa1feaf41d843d53d0f6bed86a8cf592ce21c409e
115068,222430,0.0000,0.0000,0xa1feaf41d843d53d0f6bed86a8cf592ce21c409e
115060,222429,0.0000,0.0000,0xa1feaf41d843d53d0f6bed86a8cf592ce21c409e
115067,222429,0.0000,0.0000,0xa1feaf41d843d53d0f6bed86a8cf592ce21c409e
115075,222430,0.0000,0.0000,0xa1feaf41d843d53d0f6bed86a8cf592ce21c409e
115086,221466,0.0000,0.0000,0xa1feaf41d843d53d0f6bed86a8cf592ce21c409e
115094,221466,0.0000,0.0000,0xa1feaf41d843d53d0f6bed86a8cf592ce21c409e
115105,221466,0.0000,0.0000,0xa1feaf41d843d53d0f6bed86a8cf592ce21c409e
115053,224593,0.0000,0.0000,0xa1feaf41d843d53d0f6bed86a8cf592ce21c409e
115057,224593,0.0000,0.0000,0xa1feaf41d843d53d0f6bed86a8cf592ce21c409e
115055,224593,0.0000,0.0000,0xa1feaf41d843d53d0f6bed86a8cf592ce21c409e
115044,225080,0.0000,0.0000,0xa1feaf41d843d53d0f6bed86a8cf592ce21c409e
115050,224593,0.0000,0.0000,0xa1feaf41d843d53d0f6bed86a8cf592ce21c409e
115066,222429,0.0000,0.0000,0xa1feaf41d843d53d0f6bed86a8cf592ce21c409e
115093,221467,0.0000,0.0000,0xa1feaf41d843d53d0f6bed86a8cf592ce21c409e
115103,221466,0.0000,0.0000,0xa1feaf41d843d53d0f6bed86a8cf592ce21c409e
115027,225080,0.0000,0.0000,0xa1feaf41d843d53d0f6bed86a8cf592ce21c409e
115037,225080,0.0000,0.0000,0xa1feaf41d843d53d0f6bed86a8cf592ce21c409e
115040,225080,0.0000,0.0000,0xa1feaf41d843d53d0f6bed86a8cf592ce21c409e
115065,222429,0.0000,0.0000,0xa1feaf41d843d53d0f6bed86a8cf592ce21c409e
115069,222430,0.0000,0.0000,0xa1feaf41d843d53d0f6bed86a8cf592ce21c409e
115079,222431,0.0000,0.0000,0xa1feaf41d843d53d0f6bed86a8cf592ce21c409e
115091,221466,0.0000,0.0000,0xa1feaf41d843d53d0f6bed86a8cf592ce21c409e
115104,221467,0.0000,0.0000,0xa1feaf41d843d53d0f6bed86a8cf592ce21c409e
115033,225082,0.0000,0.0000,0xa1feaf41d843d53d0f6bed86a8cf592ce21c409e
115035,225080,0.0000,0.0000,0xa1feaf41d843d53d0f6bed86a8cf592ce21c409e
115036,225080,0.0000,0.0000,0xa1feaf41d843d53d0f6bed86a8cf592ce21c409e
115046,224593,0.0000,0.0000,0xa1feaf41d843d53d0f6bed86a8cf592ce21c409e
115058,222429,0.0000,0.0000,0xa1feaf41d843d53d0f6bed86a8cf592ce21c409e
115082,222429,0.0000,0.0000,0xa1feaf41d843d53d0f6bed86a8cf592ce21c409e
115042,225082,0.0000,0.0000,0xa1feaf41d843d53d0f6bed86a8cf592ce21c409e
115043,225082,0.0000,0.0000,0xa1feaf41d843d53d0f6bed86a8cf592ce21c409e
115056,224594,0.0000,0.0000,0xa1feaf41d843d53d0f6bed86a8cf592ce21c409e
115062,222429,0.0000,0.0000,0xa1feaf41d843d53d0f6bed86a8cf592ce21c409e
115087,221467,0.0000,0.0000,0xa1feaf41d843d53d0f6bed86a8cf592ce21c409e
115034,225080,0.0000,0.0000,0xa1feaf41d843d53d0f6bed86a8cf592ce21c409e
115049,224593,0.0000,0.0000,0xa1feaf41d843d53d0f6bed86a8cf592ce21c409e
115072,222430,0.0000,0.0000,0xa1feaf41d843d53d0f6bed86a8cf592ce21c409e
115083,221466,0.0000,0.0000,0xa1feaf41d843d53d0f6bed86a8cf592ce21c409e
115085,221466,0.0000,0.0000,0xa1feaf41d843d53d0f6bed86a8cf592ce21c409e
115089,221468,0.0000,0.0000,0xa1feaf41d843d53d0f6bed86a8cf592ce21c409e
115096,221467,0.0000,0.0000,0xa1feaf41d843d53d0f6bed86a8cf592ce21c409e
115100,221467,0.0000,0.0000,0xa1feaf41d843d53d0f6bed86a8cf592ce21c409e
115031,225081,0.0000,0.0000,0xa1feaf41d843d53d0f6bed86a8cf592ce21c409e
115047,224593,0.0000,0.0000,0xa1feaf41d843d53d0f6bed86a8cf592ce21c409e
115282,218559,0.0000,0.0000,0xa1feaf41d843d53d0f6bed86a8cf592ce21c409e
115149,221454,0.0000,0.0000,0xa1feaf41d843d53d0f6bed86a8cf592ce21c409e
115212,220349,0.0000,0.0000,0xa1feaf41d843d53d0f6bed86a8cf592ce21c409e
115202,220377,0.0000,0.0000,0xa1feaf41d843d53d0f6bed86a8cf592ce21c409e
115289,218558,0.0000,0.0000,0xa1feaf41d843d53d0f6bed86a8cf592ce21c409e
115350,218549,0.0000,0.0000,0xa1feaf41d843d53d0f6bed86a8cf592ce21c409e
115359,218545,0.0000,0.0000,0xa1feaf41d843d53d0f6bed86a8cf592ce21c409e
115156,221455,0.0000,0.0000,0xa1feaf41d843d53d0f6bed86a8cf592ce21c409e
115177,220374,0.0000,0.0000,0xa1feaf41d843d53d0f6bed86a8cf592ce21c409e
115351,218549,0.0000,0.0000,0xa1feaf41d843d53d0f6bed86a8cf592ce21c409e
115365,218545,0.0000,0.0000,0xa1feaf41d843d53d0f6bed86a8cf592ce21c409e
115251,218560,0.0000,0.0000,0xa1feaf41d843d53d0f6bed86a8cf592ce21c409e
115276,218559,0.0000,0.0000,0xa1feaf41d843d53d0f6bed86a8cf592ce21c409e
115117,221466,0.0000,0.0000,0xa1feaf41d843d53d0f6bed86a8cf592ce21c409e
115304,218557,0.0000,0.0000,0xa1feaf41d843d53d0f6bed86a8cf592ce21c409e
115248,220353,0.0000,0.0000,0xa1feaf41d843d53d0f6bed86a8cf592ce21c409e
115279,218559,0.0000,0.0000,0xa1feaf41d843d53d0f6bed86a8cf592ce21c409e
115297,218556,0.0000,0.0000,0xa1feaf41d843d53d0f6bed86a8cf592ce21c409e
115303,218556,0.0000,0.0000,0xa1feaf41d843d53d0f6bed86a8cf592ce21c409e
115317,218554,0.0000,0.0000,0xa1feaf41d843d53d0f6bed86a8cf592ce21c409e
115328,218555,0.0000,0.0000,0xa1feaf41d843d53d0f6bed86a8cf592ce21c409e
115151,221454,0.0000,0.0000,0xa1feaf41d843d53d0f6bed86a8cf592ce21c409e
115205,220377,0.0000,0.0000,0xa1feaf41d843d53d0f6bed86a8cf592ce21c409e
115226,220351,0.0000,0.0000,0xa1feaf41d843d53d0f6bed86a8cf592ce21c409e
115249,218560,0.0000,0.0000,0xa1feaf41d843d53d0f6bed86a8cf592ce21c409e
115265,218561,0.0000,0.0000,0xa1feaf41d843d53d0f6bed86a8cf592ce21c409e
115321,218554,0.0000,0.0000,0xa1feaf41d843d53d0f6bed86a8cf592ce21c409e
115128,221462,0.0000,0.0000,0xa1feaf41d843d53d0f6bed86a8cf592ce21c409e
115172,220374,0.0000,0.0000,0xa1feaf41d843d53d0f6bed86a8cf592ce21c409e
115313,218556,0.0000,0.0000,0xa1feaf41d843d53d0f6bed86a8cf592ce21c409e
115349,218549,0.0000,0.0000,0xa1feaf41d843d53d0f6bed86a8cf592ce21c409e
115363,218546,0.0000,0.0000,0xa1feaf41d843d53d0f6bed86a8cf592ce21c409e
115267,218562,0.0000,0.0000,0xa1feaf41d843d53d0f6bed86a8cf592ce21c409e
115293,218559,0.0000,0.0000,0xa1feaf41d843d53d0f6bed86a8cf592ce21c409e
115284,218559,0.0000,0.0000,0xa1feaf41d843d53d0f6bed86a8cf592ce21c409e
115285,218558,0.0000,0.0000,0xa1feaf41d843d53d0f6bed86a8cf592ce21c409e
115220,220351,0.0000,0.0000,0xa1feaf41d843d53d0f6bed86a8cf592ce21c409e
115224,220351,0.0000,0.0000,0xa1feaf41d843d53d0f6bed86a8cf592ce21c409e
115228,220349,0.0000,0.0000,0xa1feaf41d843d53d0f6bed86a8cf592ce21c409e
115142,221461,0.0000,0.0000,0xa1feaf41d843d53d0f6bed86a8cf592ce21c409e
115179,220375,0.0000,0.0000,0xa1feaf41d843d53d0f6bed86a8cf592ce21c409e
115319,218554,0.0000,0.0000,0xa1feaf41d843d53d0f6bed86a8cf592ce21c409e
115244,220352,0.0000,0.0000,0xa1feaf41d843d53d0f6bed86a8cf592ce21c409e
115259,218561,0.0000,0.0000,0xa1feaf41d843d53d0f6bed86a8cf592ce21c409e
115233,220349,0.0000,0.0000,0xa1feaf41d843d53d0f6bed86a8cf592ce21c409e
115239,220352,0.0000,0.0000,0xa1feaf41d843d53d0f6bed86a8cf592ce21c409e
115258,218561,0.0000,0.0000,0xa1feaf41d843d53d0f6bed86a8cf592ce21c409e
115281,218559,0.0000,0.0000,0xa1feaf41d843d53d0f6bed86a8cf592ce21c409e
115296,218556,0.0000,0.0000,0xa1feaf41d843d53d0f6bed86a8cf592ce21c409e
115334,218548,0.0000,0.0000,0xa1feaf41d843d53d0f6bed86a8cf592ce21c409e
115165,221456,0.0000,0.0000,0xa1feaf41d843d53d0f6bed86a8cf592ce21c409e
115188,220375,0.0000,0.0000,0xa1feaf41d843d53d0f6bed86a8cf592ce21c409e
115342,218549,0.0000,0.0000,0xa1feaf41d843d53d0f6bed86a8cf592ce21c409e
115133,221462,0.0000,0.0000,0xa1feaf41d843d53d0f6bed86a8cf592ce21c409e
115158,221455,0.0000,0.0000,0xa1feaf41d843d53d0f6bed86a8cf592ce21c409e
115252,218560,0.0000,0.0000,0xa1feaf41d843d53d0f6bed86a8cf592ce21c409e
115268,218561,0.0000,0.0000,0xa1feaf41d843d53d0f6bed86a8cf592ce21c409e
115292,218559,0.0000,0.0000,0xa1feaf41d843d53d0f6bed86a8cf592ce21c409e
115298,218556,0.0000,0.0000,0xa1feaf41d843d53d0f6bed86a8cf592ce21c409e
115141,221463,0.0000,0.0000,0xa1feaf41d843d53d0f6bed86a8cf592ce21c409e
115214,220351,0.0000,0.0000,0xa1feaf41d843d53d0f6bed86a8cf592ce21c409e
115236,220352,0.0000,0.0000,0xa1feaf41d843d53d0f6bed86a8cf592ce21c409e
115126,221461,0.0000,0.0000,0xa1feaf41d843d53d0f6bed86a8cf592ce21c409e
115199,220377,0.0000,0.0000,0xa1feaf41d843d53d0f6bed86a8cf592ce21c409e
115335,218548,0.0000,0.0000,0xa1feaf41d843d53d0f6bed86a8cf592ce21c409e
115343,218549,0.0000,0.0000,0xa1feaf41d843d53d0f6bed86a8cf592ce21c409e
115352,218549,0.0000,0.0000,0xa1feaf41d843d53d0f6bed86a8cf592ce21c409e
115225,220350,0.0000,0.0000,0xa1feaf41d843d53d0f6bed86a8cf592ce21c409e
115324,218555,0.0000,0.0000,0xa1feaf41d843d53d0f6bed86a8cf592ce21c409e
115196,220376,0.0000,0.0000,0xa1feaf41d843d53d0f6bed86a8cf592ce21c409e
115294,218556,0.0000,0.0000,0xa1feaf41d843d53d0f6bed86a8cf592ce21c409e
115235,220349,0.0000,0.0000,0xa1feaf41d843d53d0f6bed86a8cf592ce21c409e
115253,218560,0.0000,0.0000,0xa1feaf41d843d53d0f6bed86a8cf592ce21c409e
115347,218549,0.0000,0.0000,0xa1feaf41d843d53d0f6bed86a8cf592ce21c409e
115184,220376,0.0000,0.0000,0xa1feaf41d843d53d0f6bed86a8cf592ce21c409e
115245,220349,0.0000,0.0000,0xa1feaf41d843d53d0f6bed86a8cf592ce21c409e
115169,220374,0.0000,0.0000,0xa1feaf41d843d53d0f6bed86a8cf592ce21c409e
115195,220376,0.0000,0.0000,0xa1feaf41d843d53d0f6bed86a8cf592ce21c409e
115201,220377,0.0000,0.0000,0xa1feaf41d843d53d0f6bed86a8cf592ce21c409e
115355,218545,0.0000,0.0000,0xa1feaf41d843d53d0f6bed86a8cf592ce21c409e
115153,221455,0.0000,0.0000,0xa1feaf41d843d53d0f6bed86a8cf592ce21c409e
115168,220374,0.0000,0.0000,0xa1feaf41d843d53d0f6bed86a8cf592ce21c409e
115280,218558,0.0000,0.0000,0xa1feaf41d843d53d0f6bed86a8cf592ce21c409e
115193,220376,0.0000,0.0000,0xa1feaf41d843d53d0f6bed86a8cf592ce21c409e
115210,220350,0.0000,0.0000,0xa1feaf41d843d53d0f6bed86a8cf592ce21c409e
115204,220377,0.0000,0.0000,0xa1feaf41d843d53d0f6bed86a8cf592ce21c409e
115264,218562,0.0000,0.0000,0xa1feaf41d843d53d0f6bed86a8cf592ce21c409e
115312,218557,0.0000,0.0000,0xa1feaf41d843d53d0f6bed86a8cf592ce21c409e
115358,218545,0.0000,0.0000,0xa1feaf41d843d53d0f6bed86a8cf592ce21c409e
115163,221455,0.0000,0.0000,0xa1feaf41d843d53d0f6bed86a8cf592ce21c409e
115185,220376,0.0000,0.0000,0xa1feaf41d843d53d0f6bed86a8cf592ce21c409e
115190,220375,0.0000,0.0000,0xa1feaf41d843d53d0f6bed86a8cf592ce21c409e
115367,218524,0.0000,0.0000,0xa1feaf41d843d53d0f6bed86a8cf592ce21c409e
115125,221461,0.0000,0.0000,0xa1feaf41d843d53d0f6bed86a8cf592ce21c409e
115131,221462,0.0000,0.0000,0xa1feaf41d843d53d0f6bed86a8cf592ce21c409e
115256,218560,0.0000,0.0000,0xa1feaf41d843d53d0f6bed86a8cf592ce21c409e
115339,218548,0.0000,0.0000,0xa1feaf41d843d53d0f6bed86a8cf592ce21c409e
115118,221461,0.0000,0.0000,0xa1feaf41d843d53d0f6bed86a8cf592ce21c409e
115132,221462,0.0000,0.0000,0xa1feaf41d843d53d0f6bed86a8cf592ce21c409e
115260,218561,0.0000,0.0000,0xa1feaf41d843d53d0f6bed86a8cf592ce21c409e
115307,218557,0.0000,0.0000,0xa1feaf41d843d53d0f6bed86a8cf592ce21c409e
115152,221454,0.0000,0.0000,0xa1feaf41d843d53d0f6bed86a8cf592ce21c409e
115240,220350,0.0000,0.0000,0xa1feaf41d843d53d0f6bed86a8cf592ce21c409e
115221,220351,0.0000,0.0000,0xa1feaf41d843d53d0f6bed86a8cf592ce21c409e
115291,218558,0.0000,0.0000,0xa1feaf41d843d53d0f6bed86a8cf592ce21c409e
115364,218545,0.0000,0.0000,0xa1feaf41d843d53d0f6bed86a8cf592ce21c409e
115139,221463,0.0000,0.0000,0xa1feaf41d843d53d0f6bed86a8cf592ce21c409e
115181,220375,0.0000,0.0000,0xa1feaf41d843d53d0f6bed86a8cf592ce21c409e
115208,220350,0.0000,0.0000,0xa1feaf41d843d53d0f6bed86a8cf592ce21c409e
115144,221454,0.0000,0.0000,0xa1feaf41d843d53d0f6bed86a8cf592ce21c409e
115150,221454,0.0000,0.0000,0xa1feaf41d843d53d0f6bed86a8cf592ce21c409e
115330,218555,0.0000,0.0000,0xa1feaf41d843d53d0f6bed86a8cf592ce21c409e
115160,221455,0.0000,0.0000,0xa1feaf41d843d53d0f6bed86a8cf592ce21c409e
115217,220351,0.0000,0.0000,0xa1feaf41d843d53d0f6bed86a8cf592ce21c409e
115242,220352,0.0000,0.0000,0xa1feaf41d843d53d0f6bed86a8cf592ce21c409e
115277,218558,0.0000,0.0000,0xa1feaf41d843d53d0f6bed86a8cf592ce21c409e
115301,218556,0.0000,0.0000,0xa1feaf41d843d53d0f6bed86a8cf592ce21c409e
115302,218557,0.0000,0.0000,0xa1feaf41d843d53d0f6bed86a8cf592ce21c409e
115306,218557,0.0000,0.0000,0xa1feaf41d843d53d0f6bed86a8cf592ce21c409e
115348,218549,0.0000,0.0000,0xa1feaf41d843d53d0f6bed86a8cf592ce21c409e
115136,221462,0.0000,0.0000,0xa1feaf41d843d53d0f6bed86a8cf592ce21c409e
115162,221455,0.0000,0.0000,0xa1feaf41d843d53d0f6bed86a8cf592ce21c409e
115299,218556,0.0000,0.0000,0xa1feaf41d843d53d0f6bed86a8cf592ce21c409e
115275,218559,0.0000,0.0000,0xa1feaf41d843d53d0f6bed86a8cf592ce21c409e
115194,220376,0.0000,0.0000,0xa1feaf41d843d53d0f6bed86a8cf592ce21c409e
115269,218561,0.0000,0.0000,0xa1feaf41d843d53d0f6bed86a8cf592ce21c409e
115340,218548,0.0000,0.0000,0xa1feaf41d843d53d0f6bed86a8cf592ce21c409e
115366,218539,0.0000,0.0000,0xa1feaf41d843d53d0f6bed86a8cf592ce21c409e
115166,221456,0.0000,0.0000,0xa1feaf41d843d53d0f6bed86a8cf592ce21c409e
115290,218559,0.0000,0.0000,0xa1feaf41d843d53d0f6bed86a8cf592ce21c409e
115287,218558,0.0000,0.0000,0xa1feaf41d843d53d0f6bed86a8cf592ce21c409e
115145,221454,0.0000,0.0000,0xa1feaf41d843d53d0f6bed86a8cf592ce21c409e
115237,220352,0.0000,0.0000,0xa1feaf41d843d53d0f6bed86a8cf592ce21c409e
115333,218554,0.0000,0.0000,0xa1feaf41d843d53d0f6bed86a8cf592ce21c409e
115219,220351,0.0000,0.0000,0xa1feaf41d843d53d0f6bed86a8cf592ce21c409e
115274,218559,0.0000,0.0000,0xa1feaf41d843d53d0f6bed86a8cf592ce21c409e
115211,220351,0.0000,0.0000,0xa1feaf41d843d53d0f6bed86a8cf592ce21c409e
115241,220349,0.0000,0.0000,0xa1feaf41d843d53d0f6bed86a8cf592ce21c409e
115261,218561,0.0000,0.0000,0xa1feaf41d843d53d0f6bed86a8cf592ce21c409e
115272,218562,0.0000,0.0000,0xa1feaf41d843d53d0f6bed86a8cf592ce21c409e
115273,218560,0.0000,0.0000,0xa1feaf41d843d53d0f6bed86a8cf592ce21c409e
115283,218558,0.0000,0.0000,0xa1feaf41d843d53d0f6bed86a8cf592ce21c409e
115171,220374,0.0000,0.0000,0xa1feaf41d843d53d0f6bed86a8cf592ce21c409e
115200,220377,0.0000,0.0000,0xa1feaf41d843d53d0f6bed86a8cf592ce21c409e
115305,218557,0.0000,0.0000,0xa1feaf41d843d53d0f6bed86a8cf592ce21c409e
115322,218554,0.0000,0.0000,0xa1feaf41d843d53d0f6bed86a8cf592ce21c409e
115310,218557,0.0000,0.0000,0xa1feaf41d843d53d0f6bed86a8cf592ce21c409e
115344,218548,0.0000,0.0000,0xa1feaf41d843d53d0f6bed86a8cf592ce21c409e
115122,221461,0.0000,0.0000,0xa1feaf41d843d53d0f6bed86a8cf592ce21c409e
115206,220377,0.0000,0.0000,0xa1feaf41d843d53d0f6bed86a8cf592ce21c409e
115356,218545,0.0000,0.0000,0xa1feaf41d843d53d0f6bed86a8cf592ce21c409e
115134,221462,0.0000,0.0000,0xa1feaf41d843d53d0f6bed86a8cf592ce21c409e
115222,220350,0.0000,0.0000,0xa1feaf41d843d53d0f6bed86a8cf592ce21c409e
115254,218560,0.0000,0.0000,0xa1feaf41d843d53d0f6bed86a8cf592ce21c409e
115320,218554,0.0000,0.0000,0xa1feaf41d843d53d0f6bed86a8cf592ce21c409e
115137,221462,0.0000,0.0000,0xa1feaf41d843d53d0f6bed86a8cf592ce21c409e
115154,221455,0.0000,0.0000,0xa1feaf41d843d53d0f6bed86a8cf592ce21c409e
115130,221462,0.0000,0.0000,0xa1feaf41d843d53d0f6bed86a8cf592ce21c409e
115255,218560,0.0000,0.0000,0xa1feaf41d843d53d0f6bed86a8cf592ce21c409e
115341,218548,0.0000,0.0000,0xa1feaf41d843d53d0f6bed86a8cf592ce21c409e
115138,221462,0.0000,0.0000,0xa1feaf41d843d53d0f6bed86a8cf592ce21c409e
115174,220374,0.0000,0.0000,0xa1feaf41d843d53d0f6bed86a8cf592ce21c409e
115246,220352,0.0000,0.0000,0xa1feaf41d843d53d0f6bed86a8cf592ce21c409e
115270,218562,0.0000,0.0000,0xa1feaf41d843d53d0f6bed86a8cf592ce21c409e
115327,218555,0.0000,0.0000,0xa1feaf41d843d53d0f6bed86a8cf592ce21c409e
115123,221461,0.0000,0.0000,0xa1feaf41d843d53d0f6bed86a8cf592ce21c409e
115209,220350,0.0000,0.0000,0xa1feaf41d843d53d0f6bed86a8cf592ce21c409e
115189,220375,0.0000,0.0000,0xa1feaf41d843d53d0f6bed86a8cf592ce21c409e
115243,220352,0.0000,0.0000,0xa1feaf41d843d53d0f6bed86a8cf592ce21c409e
115309,218557,0.0000,0.0000,0xa1feaf41d843d53d0f6bed86a8cf592ce21c409e
115121,221461,0.0000,0.0000,0xa1feaf41d843d53d0f6bed86a8cf592ce21c409e
115170,220374,0.0000,0.0000,0xa1feaf41d843d53d0f6bed86a8cf592ce21c409e
115215,220349,0.0000,0.0000,0xa1feaf41d843d53d0f6bed86a8cf592ce21c409e
115247,220350,0.0000,0.0000,0xa1feaf41d843d53d0f6bed86a8cf592ce21c409e
115311,218557,0.0000,0.0000,0xa1feaf41d843d53d0f6bed86a8cf592ce21c409e
115326,218555,0.0000,0.0000,0xa1feaf41d843d53d0f6bed86a8cf592ce21c409e
115135,221462,0.0000,0.0000,0xa1feaf41d843d53d0f6bed86a8cf592ce21c409e
115263,218561,0.0000,0.0000,0xa1feaf41d843d53d0f6bed86a8cf592ce21c409e
115198,220377,0.0000,0.0000,0xa1feaf41d843d53d0f6bed86a8cf592ce21c409e
115223,220351,0.0000,0.0000,0xa1feaf41d843d53d0f6bed86a8cf592ce21c409e
115250,218560,0.0000,0.0000,0xa1feaf41d843d53d0f6bed86a8cf592ce21c409e
115286,218558,0.0000,0.0000,0xa1feaf41d843d53d0f6bed86a8cf592ce21c409e
115300,218556,0.0000,0.0000,0xa1feaf41d843d53d0f6bed86a8cf592ce21c409e
115161,221455,0.0000,0.0000,0xa1feaf41d843d53d0f6bed86a8cf592ce21c409e
115213,220349,0.0000,0.0000,0xa1feaf41d843d53d0f6bed86a8cf592ce21c409e
115353,218548,0.0000,0.0000,0xa1feaf41d843d53d0f6bed86a8cf592ce21c409e
115357,218545,0.0000,0.0000,0xa1feaf41d843d53d0f6bed86a8cf592ce21c409e
115187,220375,0.0000,0.0000,0xa1feaf41d843d53d0f6bed86a8cf592ce21c409e
115191,220376,0.0000,0.0000,0xa1feaf41d843d53d0f6bed86a8cf592ce21c409e
115227,220352,0.0000,0.0000,0xa1feaf41d843d53d0f6bed86a8cf592ce21c409e
115176,220374,0.0000,0.0000,0xa1feaf41d843d53d0f6bed86a8cf592ce21c409e
115180,220375,0.0000,0.0000,0xa1feaf41d843d53d0f6bed86a8cf592ce21c409e
115148,221454,0.0000,0.0000,0xa1feaf41d843d53d0f6bed86a8cf592ce21c409e
115331,218555,0.0000,0.0000,0xa1feaf41d843d53d0f6bed86a8cf592ce21c409e
115119,221461,0.0000,0.0000,0xa1feaf41d843d53d0f6bed86a8cf592ce21c409e
115147,221454,0.0000,0.0000,0xa1feaf41d843d53d0f6bed86a8cf592ce21c409e
115257,218560,0.0000,0.0000,0xa1feaf41d843d53d0f6bed86a8cf592ce21c409e
115271,218561,0.0000,0.0000,0xa1feaf41d843d53d0f6bed86a8cf592ce21c409e
115323,218555,0.0000,0.0000,0xa1feaf41d843d53d0f6bed86a8cf592ce21c409e
115146,221454,0.0000,0.0000,0xa1feaf41d843d53d0f6bed86a8cf592ce21c409e
115173,220374,0.0000,0.0000,0xa1feaf41d843d53d0f6bed86a8cf592ce21c409e
115316,218554,0.0000,0.0000,0xa1feaf41d843d53d0f6bed86a8cf592ce21c409e
115329,218555,0.0000,0.0000,0xa1feaf41d843d53d0f6bed86a8cf592ce21c409e
115155,221455,0.0000,0.0000,0xa1feaf41d843d53d0f6bed86a8cf592ce21c409e
115182,220375,0.0000,0.0000,0xa1feaf41d843d53d0f6bed86a8cf592ce21c409e
115164,221456,0.0000,0.0000,0xa1feaf41d843d53d0f6bed86a8cf592ce21c409e
115175,220374,0.0000,0.0000,0xa1feaf41d843d53d0f6bed86a8cf592ce21c409e
115192,220376,0.0000,0.0000,0xa1feaf41d843d53d0f6bed86a8cf592ce21c409e
115216,220351,0.0000,0.0000,0xa1feaf41d843d53d0f6bed86a8cf592ce21c409e
115232,220350,0.0000,0.0000,0xa1feaf41d843d53d0f6bed86a8cf592ce21c409e
115345,218549,0.0000,0.0000,0xa1feaf41d843d53d0f6bed86a8cf592ce21c409e
115120,221461,0.0000,0.0000,0xa1feaf41d843d53d0f6bed86a8cf592ce21c409e
115143,221454,0.0000,0.0000,0xa1feaf41d843d53d0f6bed86a8cf592ce21c409e
115238,220350,0.0000,0.0000,0xa1feaf41d843d53d0f6bed86a8cf592ce21c409e
115278,218558,0.0000,0.0000,0xa1feaf41d843d53d0f6bed86a8cf592ce21c409e
115325,218555,0.0000,0.0000,0xa1feaf41d843d53d0f6bed86a8cf592ce21c409e
115360,218545,0.0000,0.0000,0xa1feaf41d843d53d0f6bed86a8cf592ce21c409e
115207,220350,0.0000,0.0000,0xa1feaf41d843d53d0f6bed86a8cf592ce21c409e
115229,220352,0.0000,0.0000,0xa1feaf41d843d53d0f6bed86a8cf592ce21c409e
115218,220349,0.0000,0.0000,0xa1feaf41d843d53d0f6bed86a8cf592ce21c409e
115346,218549,0.0000,0.0000,0xa1feaf41d843d53d0f6bed86a8cf592ce21c409e
115361,218545,0.0000,0.0000,0xa1feaf41d843d53d0f6bed86a8cf592ce21c409e
115183,220375,0.0000,0.0000,0xa1feaf41d843d53d0f6bed86a8cf592ce21c409e
115186,220376,0.0000,0.0000,0xa1feaf41d843d53d0f6bed86a8cf592ce21c409e
115315,218554,0.0000,0.0000,0xa1feaf41d843d53d0f6bed86a8cf592ce21c409e
115362,218546,0.0000,0.0000,0xa1feaf41d843d53d0f6bed86a8cf592ce21c409e
115178,220375,0.0000,0.0000,0xa1feaf41d843d53d0f6bed86a8cf592ce21c409e
115197,220376,0.0000,0.0000,0xa1feaf41d843d53d0f6bed86a8cf592ce21c409e
115140,221463,0.0000,0.0000,0xa1feaf41d843d53d0f6bed86a8cf592ce21c409e
115234,220349,0.0000,0.0000,0xa1feaf41d843d53d0f6bed86a8cf592ce21c409e
115332,218555,0.0000,0.0000,0xa1feaf41d843d53d0f6bed86a8cf592ce21c409e
115230,220352,0.0000,0.0000,0xa1feaf41d843d53d0f6bed86a8cf592ce21c409e
115262,218561,0.0000,0.0000,0xa1feaf41d843d53d0f6bed86a8cf592ce21c409e
115157,221455,0.0000,0.0000,0xa1feaf41d843d53d0f6bed86a8cf592ce21c409e
115295,218556,0.0000,0.0000,0xa1feaf41d843d53d0f6bed86a8cf592ce21c409e
115318,218554,0.0000,0.0000,0xa1feaf41d843d53d0f6bed86a8cf592ce21c409e
115337,218548,0.0000,0.0000,0xa1feaf41d843d53d0f6bed86a8cf592ce21c409e
115159,221455,0.0000,0.0000,0xa1feaf41d843d53d0f6bed86a8cf592ce21c409e
115266,218562,0.0000,0.0000,0xa1feaf41d843d53d0f6bed86a8cf592ce21c409e
115354,218545,0.0000,0.0000,0xa1feaf41d843d53d0f6bed86a8cf592ce21c409e
115129,221462,0.0000,0.0000,0xa1feaf41d843d53d0f6bed86a8cf592ce21c409e
115336,218548,0.0000,0.0000,0xa1feaf41d843d53d0f6bed86a8cf592ce21c409e
115338,218548,0.0000,0.0000,0xa1feaf41d843d53d0f6bed86a8cf592ce21c409e
115288,218558,0.0000,0.0000,0xa1feaf41d843d53d0f6bed86a8cf592ce21c409e
115308,218557,0.0000,0.0000,0xa1feaf41d843d53d0f6bed86a8cf592ce21c409e
115167,221454,0.0000,0.0000,0xa1feaf41d843d53d0f6bed86a8cf592ce21c409e
115203,220377,0.0000,0.0000,0xa1feaf41d843d53d0f6bed86a8cf592ce21c409e
115314,218554,0.0000,0.0000,0xa1feaf41d843d53d0f6bed86a8cf592ce21c409e
115124,221461,0.0000,0.0000,0xa1feaf41d843d53d0f6bed86a8cf592ce21c409e
115127,221461,0.0000,0.0000,0xa1feaf41d843d53d0f6bed86a8cf592ce21c409e